id,application_id,question,answer
1,1,Briefly describe your experience leading omnichannel retail transformations.,"Led multi-year transformation integrating stores, digital, and supply chain."
2,2,Briefly describe your experience leading omnichannel retail transformations.,"Led multi-year transformation integrating stores, digital, and supply chain."
3,3,Briefly describe your experience leading omnichannel retail transformations.,"Led multi-year transformation integrating stores, digital, and supply chain."
4,4,Briefly describe your experience leading omnichannel retail transformations.,"Led multi-year transformation integrating stores, digital, and supply chain."
5,5,Briefly describe your experience leading omnichannel retail transformations.,"Led multi-year transformation integrating stores, digital, and supply chain."
6,6,Briefly describe your experience leading omnichannel retail transformations.,"Led multi-year transformation integrating stores, digital, and supply chain."
7,7,Briefly describe your experience leading omnichannel retail transformations.,"Led multi-year transformation integrating stores, digital, and supply chain."
8,8,Briefly describe your experience leading omnichannel retail transformations.,"Led multi-year transformation integrating stores, digital, and supply chain."
9,9,Briefly describe your experience leading omnichannel retail transformations.,"Led cross-channel initiatives integrating stores and digital, improving conversion and margin through operating model changes."
10,10,Briefly describe your experience leading omnichannel retail transformations.,"Led cross-channel initiatives integrating stores and digital, improving conversion and margin through operating model changes."
11,11,Briefly describe your experience leading omnichannel retail transformations.,"Led cross-channel initiatives integrating stores and digital, improving conversion and margin through operating model changes."
12,12,Briefly describe your experience leading omnichannel retail transformations.,"Led cross-channel initiatives integrating stores and digital, improving conversion and margin through operating model changes."
13,13,Briefly describe your experience leading omnichannel retail transformations.,"Led cross-channel initiatives integrating stores and digital, improving conversion and margin through operating model changes."
14,14,Briefly describe your experience leading omnichannel retail transformations.,"Led cross-channel initiatives integrating stores and digital, improving conversion and margin through operating model changes."
15,15,Briefly describe your experience leading omnichannel retail transformations.,"Led cross-channel initiatives integrating stores and digital, improving conversion and margin through operating model changes."
16,16,Briefly describe your experience leading omnichannel retail transformations.,"Led cross-channel initiatives integrating stores and digital, improving conversion and margin through operating model changes."
17,17,Briefly describe your experience leading omnichannel retail transformations.,"Led cross-channel initiatives integrating stores and digital, improving conversion and margin through operating model changes."
18,18,Briefly describe your experience leading omnichannel retail transformations.,"Led cross-channel initiatives integrating stores and digital, improving conversion and margin through operating model changes."
19,19,Briefly describe your experience leading omnichannel retail transformations.,"Led cross-channel initiatives integrating stores and digital, improving conversion and margin through operating model changes."
20,20,Briefly describe your experience leading omnichannel retail transformations.,"Led cross-channel initiatives integrating stores and digital, improving conversion and margin through operating model changes."
21,21,Briefly describe your experience leading omnichannel retail transformations.,"Led cross-channel initiatives integrating stores and digital, improving conversion and margin through operating model changes."
22,22,Briefly describe your experience leading omnichannel retail transformations.,"Led cross-channel initiatives integrating stores and digital, improving conversion and margin through operating model changes."
23,23,Briefly describe your experience leading omnichannel retail transformations.,"Led cross-channel initiatives integrating stores and digital, improving conversion and margin through operating model changes."
24,24,Briefly describe your experience leading omnichannel retail transformations.,"Led cross-channel initiatives integrating stores and digital, improving conversion and margin through operating model changes."
25,25,Briefly describe your experience leading omnichannel retail transformations.,"Led cross-channel initiatives integrating stores and digital, improving conversion and margin through operating model changes."
26,26,Briefly describe your experience leading omnichannel retail transformations.,"Led cross-channel initiatives integrating stores and digital, improving conversion and margin through operating model changes."
27,27,Briefly describe your experience leading omnichannel retail transformations.,"Led cross-channel initiatives integrating stores and digital, improving conversion and margin through operating model changes."
28,28,Briefly describe your experience leading omnichannel retail transformations.,"Led cross-channel initiatives integrating stores and digital, improving conversion and margin through operating model changes."
29,29,Briefly describe your experience leading omnichannel retail transformations.,"Led cross-channel initiatives integrating stores and digital, improving conversion and margin through operating model changes."
30,30,Briefly describe your experience leading omnichannel retail transformations.,"Led cross-channel initiatives integrating stores and digital, improving conversion and margin through operating model changes."
31,31,Briefly describe your experience leading omnichannel retail transformations.,"Led cross-channel initiatives integrating stores and digital, improving conversion and margin through operating model changes."
32,32,Briefly describe your experience leading omnichannel retail transformations.,"Led cross-channel initiatives integrating stores and digital, improving conversion and margin through operating model changes."
33,33,Briefly describe your experience leading omnichannel retail transformations.,"Led cross-channel initiatives integrating stores and digital, improving conversion and margin through operating model changes."
34,34,Briefly describe your experience leading omnichannel retail transformations.,"Led cross-channel initiatives integrating stores and digital, improving conversion and margin through operating model changes."
35,35,Briefly describe your experience leading omnichannel retail transformations.,"Led cross-channel initiatives integrating stores and digital, improving conversion and margin through operating model changes."
36,36,Briefly describe your experience leading omnichannel retail transformations.,"Led cross-channel initiatives integrating stores and digital, improving conversion and margin through operating model changes."
37,37,Briefly describe your experience leading omnichannel retail transformations.,"Led cross-channel initiatives integrating stores and digital, improving conversion and margin through operating model changes."
38,38,Briefly describe your experience leading omnichannel retail transformations.,"Led cross-channel initiatives integrating stores and digital, improving conversion and margin through operating model changes."
39,39,Briefly describe your experience leading omnichannel retail transformations.,"Led cross-channel initiatives integrating stores and digital, improving conversion and margin through operating model changes."
40,40,Briefly describe your experience leading omnichannel retail transformations.,"Led cross-channel initiatives integrating stores and digital, improving conversion and margin through operating model changes."
41,41,Briefly describe your experience leading omnichannel retail transformations.,"Led cross-channel initiatives integrating stores and digital, improving conversion and margin through operating model changes."
42,42,Briefly describe your experience leading omnichannel retail transformations.,"Led cross-channel initiatives integrating stores and digital, improving conversion and margin through operating model changes."
43,43,Briefly describe your experience leading omnichannel retail transformations.,"Led cross-channel initiatives integrating stores and digital, improving conversion and margin through operating model changes."
44,44,Briefly describe your experience leading omnichannel retail transformations.,"Led cross-channel initiatives integrating stores and digital, improving conversion and margin through operating model changes."
45,45,Briefly describe your experience leading omnichannel retail transformations.,"Led cross-channel initiatives integrating stores and digital, improving conversion and margin through operating model changes."
46,46,Briefly describe your experience leading omnichannel retail transformations.,"Led cross-channel initiatives integrating stores and digital, improving conversion and margin through operating model changes."
47,47,Briefly describe your experience leading omnichannel retail transformations.,"Led cross-channel initiatives integrating stores and digital, improving conversion and margin through operating model changes."
48,48,Briefly describe your experience leading omnichannel retail transformations.,"Led cross-channel initiatives integrating stores and digital, improving conversion and margin through operating model changes."
49,49,Briefly describe your experience leading omnichannel retail transformations.,"Led cross-channel initiatives integrating stores and digital, improving conversion and margin through operating model changes."
50,50,Briefly describe your experience leading omnichannel retail transformations.,"Led cross-channel initiatives integrating stores and digital, improving conversion and margin through operating model changes."
51,51,Briefly describe your experience leading omnichannel retail transformations.,"Led cross-channel initiatives integrating stores and digital, improving conversion and margin through operating model changes."
52,52,Briefly describe your experience leading omnichannel retail transformations.,"Led cross-channel initiatives integrating stores and digital, improving conversion and margin through operating model changes."
53,53,Briefly describe your experience leading omnichannel retail transformations.,"Led cross-channel initiatives integrating stores and digital, improving conversion and margin through operating model changes."
54,54,Briefly describe your experience leading omnichannel retail transformations.,"Led cross-channel initiatives integrating stores and digital, improving conversion and margin through operating model changes."
55,55,Briefly describe your experience leading omnichannel retail transformations.,"Led cross-channel initiatives integrating stores and digital, improving conversion and margin through operating model changes."
56,56,Briefly describe your experience leading omnichannel retail transformations.,"Led cross-channel initiatives integrating stores and digital, improving conversion and margin through operating model changes."
57,57,Briefly describe your experience leading omnichannel retail transformations.,"Led cross-channel initiatives integrating stores and digital, improving conversion and margin through operating model changes."
58,58,Briefly describe your experience leading omnichannel retail transformations.,"Led cross-channel initiatives integrating stores and digital, improving conversion and margin through operating model changes."
59,59,Briefly describe your experience leading omnichannel retail transformations.,"Led cross-channel initiatives integrating stores and digital, improving conversion and margin through operating model changes."
60,60,Briefly describe your experience leading omnichannel retail transformations.,"Led cross-channel initiatives integrating stores and digital, improving conversion and margin through operating model changes."
61,61,Briefly describe your experience leading omnichannel retail transformations.,"Led cross-channel initiatives integrating stores and digital, improving conversion and margin through operating model changes."
62,62,Briefly describe your experience leading omnichannel retail transformations.,"Led cross-channel initiatives integrating stores and digital, improving conversion and margin through operating model changes."
63,63,Briefly describe your experience leading omnichannel retail transformations.,"Led cross-channel initiatives integrating stores and digital, improving conversion and margin through operating model changes."
64,64,Briefly describe your experience leading omnichannel retail transformations.,"Led cross-channel initiatives integrating stores and digital, improving conversion and margin through operating model changes."
65,65,Briefly describe your experience leading omnichannel retail transformations.,"Led cross-channel initiatives integrating stores and digital, improving conversion and margin through operating model changes."
66,66,Briefly describe your experience leading omnichannel retail transformations.,"Led cross-channel initiatives integrating stores and digital, improving conversion and margin through operating model changes."
67,67,Briefly describe your experience leading omnichannel retail transformations.,"Led cross-channel initiatives integrating stores and digital, improving conversion and margin through operating model changes."
68,68,Briefly describe your experience leading omnichannel retail transformations.,"Led cross-channel initiatives integrating stores and digital, improving conversion and margin through operating model changes."
69,69,Briefly describe your experience leading omnichannel retail transformations.,"Led cross-channel initiatives integrating stores and digital, improving conversion and margin through operating model changes."
70,70,Briefly describe your experience leading omnichannel retail transformations.,"Led cross-channel initiatives integrating stores and digital, improving conversion and margin through operating model changes."
71,71,Briefly describe your experience leading omnichannel retail transformations.,"Led cross-channel initiatives integrating stores and digital, improving conversion and margin through operating model changes."
72,72,Briefly describe your experience leading omnichannel retail transformations.,"Led cross-channel initiatives integrating stores and digital, improving conversion and margin through operating model changes."
73,73,Briefly describe your experience leading omnichannel retail transformations.,"Led cross-channel initiatives integrating stores and digital, improving conversion and margin through operating model changes."
74,74,Briefly describe your experience leading omnichannel retail transformations.,"Led cross-channel initiatives integrating stores and digital, improving conversion and margin through operating model changes."
75,75,Briefly describe your experience leading omnichannel retail transformations.,"Led cross-channel initiatives integrating stores and digital, improving conversion and margin through operating model changes."
76,76,Briefly describe your experience leading omnichannel retail transformations.,"Led cross-channel initiatives integrating stores and digital, improving conversion and margin through operating model changes."
77,77,Briefly describe your experience leading omnichannel retail transformations.,"Led cross-channel initiatives integrating stores and digital, improving conversion and margin through operating model changes."
78,78,Briefly describe your experience leading omnichannel retail transformations.,"Led cross-channel initiatives integrating stores and digital, improving conversion and margin through operating model changes."
79,79,Briefly describe your experience leading omnichannel retail transformations.,"Led cross-channel initiatives integrating stores and digital, improving conversion and margin through operating model changes."
80,80,Briefly describe your experience leading omnichannel retail transformations.,"Led cross-channel initiatives integrating stores and digital, improving conversion and margin through operating model changes."
81,81,Briefly describe your experience leading omnichannel retail transformations.,"Led cross-channel initiatives integrating stores and digital, improving conversion and margin through operating model changes."
82,82,Briefly describe your experience leading omnichannel retail transformations.,"Led cross-channel initiatives integrating stores and digital, improving conversion and margin through operating model changes."
83,83,Briefly describe your experience leading omnichannel retail transformations.,"Led cross-channel initiatives integrating stores and digital, improving conversion and margin through operating model changes."
84,84,Briefly describe your experience leading omnichannel retail transformations.,"Led cross-channel initiatives integrating stores and digital, improving conversion and margin through operating model changes."
85,85,Briefly describe your experience leading omnichannel retail transformations.,"Led cross-channel initiatives integrating stores and digital, improving conversion and margin through operating model changes."
86,86,Briefly describe your experience leading omnichannel retail transformations.,"Led cross-channel initiatives integrating stores and digital, improving conversion and margin through operating model changes."
87,87,Briefly describe your experience leading omnichannel retail transformations.,"Led cross-channel initiatives integrating stores and digital, improving conversion and margin through operating model changes."
88,88,Briefly describe your experience leading omnichannel retail transformations.,"Led cross-channel initiatives integrating stores and digital, improving conversion and margin through operating model changes."
89,89,Briefly describe your experience leading omnichannel retail transformations.,"Led cross-channel initiatives integrating stores and digital, improving conversion and margin through operating model changes."
90,90,Briefly describe your experience leading omnichannel retail transformations.,"Led cross-channel initiatives integrating stores and digital, improving conversion and margin through operating model changes."
91,91,Briefly describe your experience leading omnichannel retail transformations.,"Led cross-channel initiatives integrating stores and digital, improving conversion and margin through operating model changes."
92,92,Briefly describe your experience leading omnichannel retail transformations.,"Led cross-channel initiatives integrating stores and digital, improving conversion and margin through operating model changes."
93,93,Briefly describe your experience leading omnichannel retail transformations.,"Led cross-channel initiatives integrating stores and digital, improving conversion and margin through operating model changes."
94,94,Briefly describe your experience leading omnichannel retail transformations.,"Led cross-channel initiatives integrating stores and digital, improving conversion and margin through operating model changes."
95,95,Briefly describe your experience leading omnichannel retail transformations.,"Led cross-channel initiatives integrating stores and digital, improving conversion and margin through operating model changes."
96,96,Briefly describe your experience leading omnichannel retail transformations.,"Led cross-channel initiatives integrating stores and digital, improving conversion and margin through operating model changes."
97,97,Briefly describe your experience leading omnichannel retail transformations.,"Led cross-channel initiatives integrating stores and digital, improving conversion and margin through operating model changes."
98,98,Briefly describe your experience leading omnichannel retail transformations.,"Led cross-channel initiatives integrating stores and digital, improving conversion and margin through operating model changes."
99,99,Briefly describe your experience leading omnichannel retail transformations.,"Led cross-channel initiatives integrating stores and digital, improving conversion and margin through operating model changes."
100,100,Briefly describe your experience leading omnichannel retail transformations.,"Led cross-channel initiatives integrating stores and digital, improving conversion and margin through operating model changes."
101,101,Briefly describe your experience leading omnichannel retail transformations.,"Led cross-channel initiatives integrating stores and digital, improving conversion and margin through operating model changes."
102,102,Briefly describe your experience leading omnichannel retail transformations.,"Led cross-channel initiatives integrating stores and digital, improving conversion and margin through operating model changes."
103,103,Briefly describe your experience leading omnichannel retail transformations.,"Led cross-channel initiatives integrating stores and digital, improving conversion and margin through operating model changes."
104,104,Briefly describe your experience leading omnichannel retail transformations.,"Led cross-channel initiatives integrating stores and digital, improving conversion and margin through operating model changes."
105,105,Briefly describe your experience leading omnichannel retail transformations.,"Led cross-channel initiatives integrating stores and digital, improving conversion and margin through operating model changes."
106,106,Briefly describe your experience leading omnichannel retail transformations.,"Led cross-channel initiatives integrating stores and digital, improving conversion and margin through operating model changes."
107,107,Briefly describe your experience leading omnichannel retail transformations.,"Led cross-channel initiatives integrating stores and digital, improving conversion and margin through operating model changes."
108,108,Briefly describe your experience leading omnichannel retail transformations.,"Led cross-channel initiatives integrating stores and digital, improving conversion and margin through operating model changes."
